{"clean_ppl": [984.0988331925349, 984.0988331925349, 2347.8874901488853, 3358.6893497159067, 2275.048040188539, 10083.804962757058, 17855.55879208824, 1485.9301439952426, 2094.0245430112845, 1060.96230376987, 1879.3644755473479, 3704.7991898225737, 1946.5454631694192, 1642.229586797484, 1356.5821531888253, 1027.8405065128848, 1231.4989055907424, 5179.181568443935, 1963.1729635824397, 777.9710750179823, 1897.2618814372504, 998.6408492042087, 3470.130055390474, 2823.3232297517347, 2353.525666824855, 2839.557370717933, 4047.8757893460306, 2620.934580096999], "malicious_ppl": [1343.8867946690696, 1989.0625702112761, 1980.490993021215, 3114.8653705785637, 3242.099314715245, 4261.274524454227, 4609.8161604769375, 5056.474717455128, 4803.909189874547, 3498.7703021763705, 3725.9178885149163, 5748.884212575529, 8769.263504199287, 1614.670527804363, 4420.39361818704, 2512.405370111853, 2700.6305728139178, 4039.0924302019544, 2475.867525776318, 3246.116605872063, 2567.125227504382, 3369.4757831343845, 4439.63862176849, 2634.3674666260995, 2644.3018732672635, 1659.7819350276898, 1898.1885217853735, 909.4967678504842, 2834.634594437262, 3760.7872590644015, 4078.8691205815076, 5229.932901840416, 3670.37128698988, 2925.9819585023038, 2126.1321527564355, 2613.623690025827, 2502.557043751524, 3216.3910025546993, 4545.872064937129, 4981.35343742819, 2839.034268586837, 5101.572445291606, 3656.238545657585, 2719.6890866515546, 1826.552166657729, 2595.0893076779657, 2808.978716948604, 2898.624302804899, 2252.7957028679484, 2180.220484354622, 2219.277559603896, 3702.166443014258, 2337.5226620446424, 6111.147692688825, 4737.859851857249, 5120.742140291707, 5793.096062656998, 5086.212164565684, 2086.3219435637625, 1612.4145072814574, 1380.6705332432027, 3195.487529091439, 2116.2046039359734, 4538.547733143575, 6136.6080519006655, 5026.162705702945, 3504.700423051825, 2418.8765664241837, 3679.627054861316, 4189.025856183841, 3800.8651465044336, 1994.2823378707185, 1971.064239153475, 1920.3988592498083, 1574.0692480678983, 1675.133780123489, 2385.519475860351, 2033.0368793051005, 2915.34690465172, 3190.1559239191297, 3940.617266916368, 2769.3660478206148, 3479.244808155047, 3107.731511746129, 3997.9987351314967, 4679.821449847278, 5662.114590086247, 6698.454679199131, 5356.0219643394585, 5565.320860247728, 6684.829229322925, 2468.67962155516, 3278.6100841394627, 1856.0407961686296, 2362.7595233804745, 2988.3090517870946, 4967.325467563409, 2930.099971712481, 2255.0784520352586, 2260.496636599073, 5702.416485219591, 1628.6215307518517, 2873.6370071595948, 2651.675261091077, 3694.9526243794667, 1350.2428693133056, 1734.6902952355767, 2395.074410663768, 2623.347303949456, 4269.681861851332, 2957.6879124661327, 4106.2845896051385, 3841.327256138032, 4314.4072565927745, 3265.492553018942, 2706.008237766701, 2973.836178918635, 4581.820840924401, 3174.112208741016, 2591.615605352867, 3347.4603206071674, 3402.791942367908, 3235.3065959713867, 4138.69270452148, 5888.6788404830395, 4856.466095472406, 11625.076105673477, 5524.984857681838, 4403.30574528473, 3505.3232813174404, 5870.891468277221, 3310.914667522087, 4303.541103874049, 2991.129775407999, 2554.9187468176374, 1679.5912808598198, 1473.9997222165207, 1524.4341289531956, 2066.2224570893304, 2297.2414553708286, 2683.816659246247, 3600.7252331333543, 4833.213636460916, 3210.998274545782, 5660.677825022851, 1669.6971227490917, 2027.6594647448862, 1896.4840556020984, 920.0133048522223, 1724.3585902257385, 1522.1211315286116, 2933.6331677803514, 2385.06418998121, 3284.6745488372158, 3787.7996644836944, 3876.4872505538124, 2122.7338557433, 2883.2747192147854, 2624.611473121939, 2363.1775207709193, 2006.6922148957299, 1166.746123006217, 2269.216257725221, 2939.0364207190128, 2266.858622757774, 3299.762219401961, 1745.6617853918126, 2853.295320299351, 3561.8295398432588, 2464.7329289754857, 3017.809770067717, 3590.576639080665, 2671.1647078401, 2980.4421817619136, 2741.6447527255773, 2137.054502235149, 2163.2954238342645, 3936.733456415918, 3084.7450390427975, 3011.515820779719, 3542.324106392027, 3738.108693525826, 3730.4045619152857, 5036.165195113184, 3529.5105367094898, 1636.097894368999, 2726.7104693041747, 2707.886615811868, 1620.2392616562113, 1308.4231489276667, 1671.0351666151107, 2558.544676332967, 2640.612759656975, 5361.14287379379, 5276.6373631074775, 7165.943071662814, 4065.1696653770605, 3172.8690940949136, 3200.376959683464, 3035.5496263946725, 3742.0739920327915, 5139.787163945603, 6904.519172175663, 3059.6614832288974, 2074.349178114346, 4722.748382460578, 3811.823106933053, 2583.1466854553473, 2066.787784835045, 1969.165202700056, 3384.746310161071, 2775.211607471711, 2880.6212976850206, 2769.3943148878884, 2925.3758960555774, 2333.845394876737, 2539.0700799367155, 3255.7114672311063, 3054.9585242588955, 3140.4270807430007, 5854.435681772614, 3639.0242723834444, 2502.6116941924993, 3075.1348067307863, 1913.2728515208019, 3443.79871594302, 2807.8444364863867, 3326.907411795392, 2820.722771741098, 7490.584856338506, 4230.387981699172, 3312.271414231202, 1919.6736012627582, 2052.948880884382, 1809.9455900054145, 1456.6607319662648, 2510.8917965665655, 3366.2158201880966, 2994.2117779434284, 2852.7778351748766, 4027.7859275670844, 4425.5961470624725, 5255.832950548866, 4076.5806878329904, 3421.999499863605, 3000.1556009575797, 1766.4433676754577, 3012.543547493159, 3623.5013635727387, 3796.33055676321, 3521.8528064282114, 5646.416092073554, 4051.90434398547, 5616.11054611851, 4610.954102549379, 5496.767646839967, 3524.2264678209117, 4556.1725603694285, 4132.3320472015, 3567.0041256018817, 2644.4689010541706, 1651.2587199304253, 3334.5916113294807, 1780.563190487737, 1966.6448441209307, 3263.7468971135, 2649.2177819388853, 2672.6922277441877, 3585.9063404767685, 2662.053648074653, 2462.96435108671, 2854.1154999583378, 3659.7554332027526, 4883.656666284908, 3564.617038141689, 2491.941863520326, 2852.0510030660403, 1961.700461727212, 2229.3706947395253, 2410.793628749163, 3768.0727300498397, 4515.575428385541, 2829.834374146888, 2088.166770862052, 4117.215199256004, 2025.6020077425687, 2940.1235052075267, 2177.9353450577496, 2640.332387076439, 1749.2213037124966, 2230.614567679736, 1826.1820212001976, 3802.960925378592, 2132.044975733706, 2693.281732955198, 9195.286376230079, 5026.507883834912, 2998.083557350999, 4212.527988599264, 4632.986530677262, 3208.9360872921047, 4022.0905304042676, 3630.9955963427706, 3570.7314946186502, 2674.57383407626, 4176.768085071788, 2649.9227655426157, 3645.7904403067428, 2895.7000737972926, 3357.519263362334, 2984.3927541796006, 3715.5428952536927, 4810.225170797069, 2593.8597503875485, 2368.694688728671, 1412.15889961414, 1890.2925843595738, 1497.4733514773818, 1707.9712794811107, 2657.435387181308, 5458.338739579372, 6813.728807029465, 6668.952348474184, 5210.728025423174, 3412.1449471200453, 2526.5948180187984, 2526.559862038945, 2509.1580488955774, 3144.8916541990143, 2388.655104100297, 1791.7250318572515, 1264.3798856593987, 1484.9053898411255, 1779.7163737872843, 2253.527882813936, 2638.089611340363, 3138.0381922813576, 3483.6336233245033, 2561.743153307655, 3549.0393254180194, 2444.5226991855425, 3489.889615734344, 3540.780979309435, 2953.9670301355536, 3009.6298109941517, 4213.442685776337, 4557.615050957437, 5375.393795527875, 5814.154077915941, 2958.8085255129877, 2075.4199797512797, 2622.7529292481217, 2916.449136098397, 2864.74096760114, 2683.3364310532897, 2439.9162803070676, 3184.3220625300382, 2578.671525660731, 3492.130795712983, 2963.966797686251, 2890.7073274237546, 3729.14075794323, 2898.1584166685952, 2859.037895777807, 12325.166048605173, 15469.693890802211, 8238.168663455994, 11904.36920039841, 2036.4047930996537, 2791.978505188875, 3863.710496662063, 3476.240728123929, 3456.072514132025, 3517.590108330879, 4491.961806809003, 4272.850753583853, 4108.946305588156, 6330.066430452816, 5562.249654892552, 3166.161763272202, 4857.490750256787, 3757.265213252018, 